input,outputx,outputy
-6.283185307179586,181.30729047946522,-32.26765826879954
-6.2731853071795864,197.9342686474667,-35.201388027540276
-6.263185307179587,169.2789731581309,-36.27638337682423
-6.253185307179587,225.73688567180372,-36.01095123689314
-6.243185307179587,230.96001778545883,-34.003974286497865
-6.233185307179587,232.8268438520077,-35.407731683720016
-6.2231853071795875,176.10788793113963,-31.850929289957904
-6.213185307179588,226.54651510307033,-33.2102462585915
-6.203185307179588,184.90097107333173,-34.69540623201781
-6.193185307179588,218.57728299278708,-34.27867297647181
-6.183185307179588,181.79661737967874,-32.858807906398035
-6.173185307179589,180.43882443817333,-33.53700851507229
-6.163185307179589,164.47273388542934,-36.08338472563275
-6.153185307179589,224.6127205831417,-36.39902282005382
-6.143185307179589,191.1832560867634,-31.369491901213276
-6.133185307179589,193.01263229565262,-33.8467018459661
-6.12318530717959,173.33161624641437,-31.438809602709448
-6.11318530717959,160.43275776116408,-34.05725036538622
-6.10318530717959,207.44959034783895,-36.18473742754432
-6.09318530717959,189.17441380077364,-35.04761709057939
-6.0831853071795905,160.29937559603587,-35.2458355281674
-6.073185307179591,197.63550762937012,-34.1773178006419
-6.063185307179591,195.42963771992936,-33.05667822994526
-6.053185307179591,172.0725138288576,-32.48536407560012
-6.043185307179591,159.3480111332913,-35.20619539811695
-6.033185307179592,167.33079251573056,-36.16157909697277
-6.023185307179592,185.6935113145143,-31.899627498800033
-6.013185307179592,155.62339893249293,-30.772900424601072
-6.003185307179592,167.6932260360573,-33.97540376376691
-5.993185307179592,204.23901192018738,-34.67624975686496
-5.983185307179593,153.16744536057053,-30.87430586038579
-5.973185307179593,174.150345130723,-34.922785404661255
-5.963185307179593,205.55029343344597,-30.82227650283665
-5.953185307179593,164.65195993975416,-33.12085075697412
-5.9431853071795935,160.330862609001,-30.08079246337762
-5.933185307179594,168.40883752560654,-32.54561282761033
-5.923185307179594,195.76922817006673,-34.44406233184587
-5.913185307179594,184.77516800771735,-33.06734286853465
-5.903185307179594,183.85893318420625,-31.345634958541815
-5.8931853071795945,167.37750230839825,-30.426359145295415
-5.883185307179595,204.67319524425977,-29.667050659086414
-5.873185307179595,143.78967773823285,-35.22335731706897
-5.863185307179595,148.51102802366577,-34.98694804234269
-5.853185307179595,193.66404599293423,-32.08681841073279
-5.843185307179596,178.65327155686236,-30.609003809192618
-5.833185307179596,182.0712966231598,-31.775348769621647
-5.823185307179596,147.73943763424938,-34.293920746393944
-5.813185307179596,174.23875593475714,-30.824338519592935
-5.8031853071795965,192.8592216794566,-33.08500732468717
-5.793185307179597,164.81085051587107,-33.8550589103859
-5.783185307179597,150.5943683248215,-33.203087469829406
-5.773185307179597,191.5536500455357,-28.711808178540323
-5.763185307179597,190.07805060236382,-30.649582662044505
-5.7531853071795975,148.33641600686596,-30.132989080294166
-5.743185307179598,195.1174129149116,-28.70038699638097
-5.733185307179598,168.04340227416972,-32.85097011660302
-5.723185307179598,138.09646495253406,-32.736437135672205
-5.713185307179598,138.44931444668634,-31.995402989100896
-5.703185307179599,160.12671342472632,-29.835417547037373
-5.693185307179599,177.3042506897298,-28.60874473694368
-5.683185307179599,182.9613029777005,-31.3807618479535
-5.673185307179599,163.08323192670179,-32.88453145879957
-5.6631853071795994,181.45756397027296,-32.456161097645605
-5.6531853071796,147.3172691972441,-28.29275033927957
-5.6431853071796,180.70292631486154,-33.467590724987645
-5.6331853071796,176.0309771404243,-31.800214537276688
-5.6231853071796,162.81966733693392,-29.026422611150736
-5.6131853071796005,179.50936234599325,-30.55776591883532
-5.603185307179601,162.3188895807021,-30.256058883313546
-5.593185307179601,177.79471389425754,-28.834207548669433
-5.583185307179601,143.74614957675203,-32.506244865755946
-5.573185307179601,139.7932985055096,-31.409410129446037
-5.563185307179602,156.21338336514495,-31.449880627426033
-5.553185307179602,147.64889942761124,-31.414715545471612
-5.543185307179602,146.43412277002568,-33.07474366627201
-5.533185307179602,179.77005528792668,-31.04502612552274
-5.523185307179602,160.5578266645608,-32.134157681049224
-5.513185307179603,165.5514549042334,-30.178944719298773
-5.503185307179603,126.06857954495108,-29.924992838933512
-5.493185307179603,126.59227354057904,-32.310828129023704
-5.483185307179603,149.81500267144497,-32.73303307432748
-5.4731853071796035,145.72533072927354,-30.80696026826486
-5.463185307179604,175.12185818035988,-29.727794367055274
-5.453185307179604,165.60204068537934,-29.15146090596012
-5.443185307179604,131.90625645351696,-32.50041238915761
-5.433185307179604,173.63689867985164,-30.490153143822447
-5.423185307179605,130.52390925993583,-31.466316980417858
-5.413185307179605,163.65826644642223,-30.522436630247853
-5.403185307179605,150.59659208098375,-26.92568548261298
-5.393185307179605,132.81896861834363,-27.956536025560755
-5.383185307179605,124.92492464811482,-28.098393373271236
-5.373185307179606,145.7977816570987,-30.81575480515638
-5.363185307179606,131.94396197102017,-27.616436229843593
-5.353185307179606,124.65126232783285,-28.24318556593459
-5.343185307179606,147.3007606957874,-27.984506201618608
-5.3331853071796065,122.03922820694994,-30.759219776022448
-5.323185307179607,150.3246530151882,-30.483320276807245
-5.313185307179607,167.82475065544077,-26.75896952392067
-5.303185307179607,155.96041867058236,-29.805555479190453
-5.293185307179607,163.87812498606482,-30.31006596141686
-5.2831853071796075,120.6352464285152,-30.961621960230648
-5.273185307179608,144.56965982425504,-29.285609226006848
-5.263185307179608,156.73444982742163,-27.597678112092517
-5.253185307179608,131.03418677801352,-26.471574136341843
-5.243185307179608,117.4951804473429,-26.984393163354014
-5.233185307179609,146.14336692521067,-31.006153653547045
-5.223185307179609,117.0638080649034,-30.901207091494687
-5.213185307179609,115.27121563273187,-26.276303477858413
-5.203185307179609,133.15812349501203,-26.744716398915813
-5.1931853071796095,119.32525404708474,-27.292420814772836
-5.18318530717961,146.2444106887485,-30.510710880847483
-5.17318530717961,126.23028582611576,-25.826909014578142
-5.16318530717961,152.12519430295768,-25.351314273337252
-5.15318530717961,148.30741110965062,-26.201893268057276
-5.1431853071796105,138.02639284739618,-25.120220508309195
-5.133185307179611,110.79941348816558,-27.961502175323236
-5.123185307179611,103.60614967751248,-27.45622755369965
-5.113185307179611,128.40719974543336,-30.09979283475458
-5.103185307179611,101.60699792383569,-27.818097135025386
-5.093185307179612,102.29355098496268,-28.356707515803727
-5.083185307179612,138.7027309664429,-25.830965058188937
-5.073185307179612,138.03349838840973,-26.472207209170634
-5.063185307179612,129.5803465178773,-29.774999202839904
-5.0531853071796125,141.81733755218264,-25.7834999326508
-5.043185307179613,135.3512183368107,-25.282983775988587
-5.033185307179613,113.19006124468699,-28.147114727115632
-5.023185307179613,107.97473468665751,-26.28151854142787
-5.013185307179613,100.03926756523526,-28.578249164449872
-5.0031853071796135,100.92120415758527,-27.514001322427454
-4.993185307179614,101.1794241679332,-27.775376326538293
-4.983185307179614,141.61023297357542,-25.52129647906807
-4.973185307179614,110.74244554270166,-25.295674186013176
-4.963185307179614,124.99189451718823,-28.153526618300162
-4.953185307179615,101.86104568063769,-26.940624492619282
-4.943185307179615,94.51633984963047,-26.502390080135356
-4.933185307179615,123.50846165882433,-29.16572995903927
-4.923185307179615,114.83302440734921,-23.81117411447076
-4.913185307179615,96.00615067282698,-29.195867935756027
-4.903185307179616,117.09822114982302,-24.16421946864122
-4.893185307179616,128.5621768639621,-23.465560810623938
-4.883185307179616,100.18460061721319,-26.14963430380191
-4.873185307179616,106.2246920594971,-25.517098404219496
-4.8631853071796165,99.72920711467043,-23.77193647033415
-4.853185307179617,101.19236041909215,-27.712667509367563
-4.843185307179617,132.23717322296756,-26.484469134909105
-4.833185307179617,89.6406146356268,-26.41553181212079
-4.823185307179617,115.48591631483362,-25.086611389907553
-4.813185307179618,111.03934451528846,-26.935696678831142
-4.803185307179618,122.35037871959302,-23.207231705820213
-4.793185307179618,131.29172965870407,-24.608665992996784
-4.783185307179618,99.43934803697914,-28.284368714839548
-4.773185307179618,127.69731405379773,-27.300090284056875
-4.763185307179619,91.77209177484981,-23.344409702383494
-4.753185307179619,133.90446259679194,-26.83722826850341
-4.743185307179619,97.69951383204221,-27.330236989351437
-4.733185307179619,98.63830578495612,-26.999192934246793
-4.7231853071796195,128.9467251134324,-23.753567859391616
-4.71318530717962,110.76143949750787,-25.22100198932558
-4.70318530717962,85.27047108511762,-26.71995068443952
-4.69318530717962,130.15829590207971,-26.47929595515775
-4.68318530717962,103.27551829445599,-24.006860880917866
-4.6731853071796206,121.72340241977433,-26.76192443503772
-4.663185307179621,94.31992578226655,-24.119697522011645
-4.653185307179621,105.06338593971401,-25.582695974443936
-4.643185307179621,92.44943628638904,-24.557135957392667
-4.633185307179621,79.3441307475127,-25.015334039299265
-4.623185307179622,104.75144519290373,-27.135402973410795
-4.613185307179622,91.50339488710738,-26.392643477836554
-4.603185307179622,91.81017425092594,-26.24799195881208
-4.593185307179622,102.36703157387265,-25.143383247963904
-4.5831853071796225,104.65371124052191,-24.530032885323813
-4.573185307179623,110.57304578791104,-25.260982586295675
-4.563185307179623,95.16120984897725,-25.778530411514335
-4.553185307179623,85.04020136669584,-26.4421145019838
-4.543185307179623,112.7056908666432,-23.38578338315642
-4.5331853071796235,82.15172935116922,-25.696957833323005
-4.523185307179624,97.10434489793425,-25.370321898033737
-4.513185307179624,103.7832775891681,-25.962913634034408
-4.503185307179624,91.17761223198295,-25.46445011061089
-4.493185307179624,99.32669537350307,-22.907662249782465
-4.483185307179625,100.23688607036246,-21.579337501721803
-4.473185307179625,76.31741791670287,-25.112973456432073
-4.463185307179625,119.15824329397915,-23.797563663805118
-4.453185307179625,73.5653207990411,-21.641306032683833
-4.4431853071796255,110.78995389625294,-25.916257999085204
-4.433185307179626,92.30051422405937,-23.576230129793114
-4.423185307179626,73.00115341586647,-25.86878524341423
-4.413185307179626,96.68586735232151,-23.738594773571748
-4.403185307179626,97.99652043352992,-23.035081468603295
-4.3931853071796265,103.03248432358589,-21.698570209440692
-4.383185307179627,111.9010343449942,-23.846198487166276
-4.373185307179627,94.72855550705825,-22.02098726876803
-4.363185307179627,108.59149580424474,-20.896766863410758
-4.353185307179627,88.97441403524898,-21.66908802674234
-4.343185307179628,70.75274011899214,-21.26236660286141
-4.333185307179628,77.67698075820178,-24.51161596106178
-4.323185307179628,93.0269850015627,-19.984258725197893
-4.313185307179628,89.47865520017689,-23.055477089614342
-4.303185307179628,71.78513951910249,-23.125819320485697
-4.293185307179629,93.31487591017165,-22.380835801770157
-4.283185307179629,83.41508170173582,-22.913594496176287
-4.273185307179629,87.95903550090873,-23.557386394434985
-4.263185307179629,99.7552817623714,-23.759933217639627
-4.2531853071796295,76.74512819579031,-23.902689398036422
-4.24318530717963,102.07072284644858,-25.01709328205053
-4.23318530717963,64.06174036214985,-23.74087809093917
-4.22318530717963,80.17447934613973,-23.052357450187532
-4.21318530717963,99.56127641384424,-25.100089795752936
-4.203185307179631,93.45601043714835,-23.147842286300722
-4.193185307179631,63.53502317311066,-24.50073870299919
-4.183185307179631,68.70047113007001,-23.270780331450997
-4.173185307179631,65.92298945394225,-22.869667416076886
-4.163185307179631,96.51075943382143,-23.18615080564744
-4.153185307179632,101.0622983870905,-20.32488827436306
-4.143185307179632,78.77951468903427,-21.562804175117197
-4.133185307179632,82.29859088994277,-21.543332033807502
-4.123185307179632,64.92344422175144,-24.5666003481139
-4.1131853071796325,92.20677024166814,-23.547479569449955
-4.103185307179633,61.53139338499394,-19.375455587474875
-4.093185307179633,75.91860685683532,-21.518471044527928
-4.083185307179633,82.68435094368611,-20.744758243818794
-4.073185307179633,70.90673888563778,-19.413281636376475
-4.0631853071796336,87.24222344035141,-24.30216177271381
-4.053185307179634,60.52345861158757,-22.112100872754503
-4.043185307179634,86.18930116165008,-18.894559284701103
-4.033185307179634,64.96501210073669,-23.355726356198392
-4.023185307179634,61.79808985398838,-18.451255205086525
-4.013185307179635,56.20906815419278,-21.950265603619528
-4.003185307179635,64.94084907819575,-20.306815678919147
-3.993185307179635,59.80840053932269,-20.447860942973676
-3.9831853071796353,65.20926691288886,-20.886180643621373
-3.9731853071796355,87.95105864059514,-22.463568137078063
-3.9631853071796357,79.51163222454831,-20.568850360022434
-3.953185307179636,85.35726337436073,-20.95217919853702
-3.943185307179636,89.02168956561192,-19.611598339073126
-3.9331853071796363,72.31217680381101,-21.864501928144097
-3.9231853071796365,88.73083085339218,-20.913633230237892
-3.9131853071796368,53.79891524458796,-20.986876088837498
-3.903185307179637,83.49562587697778,-21.122999222245152
-3.893185307179637,64.61845172617018,-21.801944089790084
-3.8831853071796374,53.764232615600456,-21.682652102331666
-3.8731853071796376,60.11758975831116,-21.53062696283948
-3.863185307179638,73.99187631611603,-22.87511451140434
-3.853185307179638,59.23138009020314,-19.248814168316514
-3.8431853071796382,60.83189287943742,-22.191025985008274
-3.8331853071796385,84.91532392889769,-17.509432153101706
-3.8231853071796387,59.842522040079416,-17.224741375211764
-3.813185307179639,83.05460932439071,-21.956687210441395
-3.803185307179639,55.03140213429461,-19.637356372687133
-3.7931853071796393,67.21593638928826,-22.424489391861727
-3.7831853071796395,69.46508486163283,-16.757028674904664
-3.7731853071796397,72.42023979975002,-18.565669421198876
-3.76318530717964,55.011422536785666,-19.757310189233394
-3.75318530717964,58.309868399946154,-21.739065010071194
-3.7431853071796404,67.0115746122407,-21.0994089594488
-3.7331853071796406,59.12914183928686,-17.471489643700647
-3.723185307179641,66.39424160941904,-19.86252428174479
-3.713185307179641,45.14762033688387,-20.772802145174595
-3.7031853071796412,77.21080729106365,-20.450591388249926
-3.6931853071796414,57.29275045651153,-17.561655351683864
-3.6831853071796417,65.2202708396893,-19.798975479609343
-3.673185307179642,45.66903363264098,-21.282701382446806
-3.663185307179642,61.84031329020401,-19.51367570313357
-3.6531853071796423,46.99945699925434,-21.68330929082341
-3.6431853071796425,71.70736346384908,-17.32286431959105
-3.6331853071796427,60.198041331051655,-17.92930974266266
-3.623185307179643,52.67872366789926,-17.934137569010456
-3.613185307179643,74.85450673824676,-17.749458888589764
-3.6031853071796434,59.11378053882241,-18.84838447185086
-3.5931853071796436,67.37192796013541,-16.10857777001916
-3.583185307179644,42.44427065155673,-17.945709863119323
-3.573185307179644,42.448032119264305,-19.119282514488717
-3.563185307179644,44.55905669651077,-15.975521118948862
-3.5531853071796444,44.414694624869696,-16.00706741162183
-3.5431853071796446,65.85913377233652,-20.42553707336692
-3.533185307179645,38.65187548037707,-15.625910023056903
-3.523185307179645,71.0519004452299,-20.051760590196675
-3.5131853071796453,55.496551441167455,-19.235445928388167
-3.5031853071796455,46.68467920238457,-15.22468359484769
-3.4931853071796457,50.11742670508347,-15.222712541748116
-3.483185307179646,63.683081730096774,-20.71047223363505
-3.473185307179646,60.67538867994238,-15.53421063064302
-3.4631853071796463,70.55572660020331,-14.8015710571657
-3.4531853071796466,68.707139527713,-14.860742947791735
-3.4431853071796468,41.31333996590831,-15.141027438317344
-3.433185307179647,58.891197613039104,-14.82192208938846
-3.423185307179647,69.17541540765534,-18.67497190481201
-3.4131853071796474,59.33849140677668,-18.029653612139505
-3.4031853071796476,56.45831985276601,-15.205655770594404
-3.393185307179648,39.41449150564216,-16.267260704854642
-3.383185307179648,38.52560712480432,-19.286362349046314
-3.3731853071796483,34.618360998497174,-14.91727053843006
-3.3631853071796485,57.375372542610265,-18.035362085971954
-3.3531853071796487,41.29813306953878,-14.726426363312683
-3.343185307179649,33.593393891164354,-15.207931750580032
-3.333185307179649,37.884259115262296,-19.955430455598197
-3.3231853071796493,62.47206979708777,-16.821145257806997
-3.3131853071796495,60.25671243656738,-14.044503699789864
-3.3031853071796498,49.08478287923743,-14.049523064869907
-3.29318530717965,38.302303444299994,-17.742975444238564
-3.28318530717965,32.90591820621087,-16.32248812830662
-3.2731853071796504,37.09645061766584,-13.780925929768076
-3.2631853071796506,51.868083011380804,-16.45114488635526
-3.253185307179651,58.70524096734618,-17.052232757959537
-3.243185307179651,39.33978544290137,-18.81542449772793
-3.2331853071796512,38.94290985834183,-18.425812560019192
-3.2231853071796515,51.690323857569325,-16.302524290268266
-3.2131853071796517,49.86316120181542,-14.883627120615236
-3.203185307179652,33.01224432709405,-18.952464888868477
-3.193185307179652,47.837807291233965,-16.66320437230631
-3.1831853071796523,56.96394781281835,-17.750991513544946
-3.1731853071796525,32.15613360362373,-16.754412699274315
-3.1631853071796527,51.392233315072,-18.15877142913848
-3.153185307179653,49.284667280892236,-18.54987526923798
-3.143185307179653,42.82356833088083,-14.063806998717954
-3.1331853071796534,39.08871338258403,-13.246629460770146
-3.1231853071796536,45.381319348286915,-17.114898514192088
-3.113185307179654,28.682758064541304,-14.925928973438435
-3.103185307179654,45.016487230844184,-15.19247808307773
-3.0931853071796542,30.414217688862394,-16.42649141023268
-3.0831853071796544,55.65844461479041,-15.249278664321611
-3.0731853071796547,39.52047836196596,-17.00640005874658
-3.063185307179655,38.23609133743075,-16.54112501303983
-3.053185307179655,44.628762082131175,-13.56718229688854
-3.0431853071796553,46.6742427694759,-14.625826155318798
-3.0331853071796555,32.34240872330797,-15.76297283169686
-3.0231853071796557,46.79117229626897,-14.833293574769757
-3.013185307179656,37.48861582004602,-16.784739302612667
-3.003185307179656,47.88449026892114,-16.09537104112313
-2.9931853071796564,40.17751059309972,-15.380798211840446
-2.9831853071796566,29.531903628825326,-13.370468763371129
-2.973185307179657,37.6073690651313,-12.544245787365494
-2.963185307179657,23.55824005782028,-13.158206414778942
-2.953185307179657,31.419936158965736,-16.03644197401122
-2.9431853071796574,25.93478489574788,-14.348001813176953
-2.9331853071796576,36.90718001933406,-13.449132794989644
-2.923185307179658,29.260766082005432,-16.42924004912211
-2.913185307179658,49.80876975209432,-15.895479033800553
-2.9031853071796583,40.96901301997731,-14.494253998313342
-2.8931853071796585,46.42210082929396,-12.743601190559637
-2.8831853071796587,32.94289469247599,-14.148949919936378
-2.873185307179659,37.13886188547478,-13.943321831909019
-2.863185307179659,41.29145243981748,-15.265801776114843
-2.8531853071796593,28.9347928850028,-11.451676062837441
-2.8431853071796596,30.26969857021943,-14.8664853756461
-2.8331853071796598,43.297284302661026,-14.988528331964995
-2.82318530717966,37.090119901066274,-11.772988402865352
-2.81318530717966,26.86938160301363,-16.039266457064482
-2.8031853071796604,19.813462178688322,-12.10268511354336
-2.7931853071796606,40.801930178591974,-11.176960320957871
-2.783185307179661,19.115814713988133,-15.72410510620793
-2.773185307179661,29.599645768737908,-11.079698944864468
-2.7631853071796613,21.959769291482637,-13.123896004632439
-2.7531853071796615,44.77315584344504,-11.048417832384075
-2.7431853071796617,27.177226560472313,-11.821014777393021
-2.733185307179662,37.721517849509134,-12.869760687009341
-2.723185307179662,27.812481379069727,-10.502727360031459
-2.7131853071796623,18.03685867165952,-15.819014522503695
-2.7031853071796625,18.729009410728334,-13.866175239232174
-2.6931853071796628,20.09017557214938,-14.754005274280363
-2.683185307179663,20.201664447353394,-12.680655674619723
-2.673185307179663,27.77819073006204,-11.524776184602459
-2.6631853071796634,29.52997145406742,-13.01577198267711
-2.6531853071796636,41.01818785818511,-13.46679969800321
-2.643185307179664,17.10408065988032,-12.263488594860023
-2.633185307179664,17.393400213354404,-10.879690942967393
-2.6231853071796642,22.482656713401227,-10.136567035627376
-2.6131853071796645,19.1905644774261,-12.32779807768599
-2.6031853071796647,26.213914411504934,-10.773713302360363
-2.593185307179665,25.117100017233025,-13.099215817085746
-2.583185307179665,23.66763253467067,-13.482999142983417
-2.5731853071796653,37.85811590346085,-10.782600410334137
-2.5631853071796655,24.602024655905723,-11.76451060112799
-2.5531853071796657,36.40842060797281,-9.601895374705727
-2.543185307179666,37.49437177256855,-15.188667869169066
-2.533185307179666,28.21933477632477,-13.688087531023998
-2.5231853071796664,18.81073671678116,-14.270303197704244
-2.5131853071796666,24.491007139227513,-13.434744587907895
-2.503185307179667,29.27625509921235,-9.459055211792354
-2.493185307179667,17.441103023962626,-9.769531006314025
-2.4831853071796672,36.960787595684515,-11.093494941837506
-2.4731853071796674,25.430665690805363,-12.145647971985664
-2.4631853071796677,29.205513668773456,-10.51585663089719
-2.453185307179668,20.801907727402725,-10.903628027641197
-2.443185307179668,33.5102750233628,-11.532097267284957
-2.4331853071796683,14.540969016754353,-10.18539652237796
-2.4231853071796685,27.96258080972399,-11.59394132735677
-2.4131853071796687,32.02265743664572,-11.359026650731522
-2.403185307179669,32.80056323312469,-14.246233540526724
-2.393185307179669,19.902050742262908,-13.183818572651159
-2.3831853071796694,21.508137937175814,-8.667808908713297
-2.3731853071796696,27.926699005101344,-11.075018377603753
-2.36318530717967,31.668943916952987,-11.995118753316467
-2.35318530717967,24.10313850853543,-14.111399160766569
-2.34318530717967,12.378258888700993,-13.1419346429753
-2.3331853071796704,11.841294485568746,-9.497946854226488
-2.3231853071796706,31.548526297143866,-11.57533112998625
-2.313185307179671,21.662474939333663,-10.579136727927269
-2.303185307179671,19.026739385394386,-10.319311563101532
-2.2931853071796713,11.988339028923793,-12.621235576421522
-2.2831853071796715,15.701146605616213,-13.473718036929764
-2.2731853071796717,18.813199589971337,-12.05373643045948
-2.263185307179672,16.68273481426206,-11.419419117250747
-2.253185307179672,11.375026279589983,-13.328812230687802
-2.2431853071796723,10.531449002247445,-11.483516319418795
-2.2331853071796726,24.042230393166474,-11.595534538038825
-2.2231853071796728,23.317767544608994,-10.633383883376013
-2.213185307179673,16.218805150139335,-12.559733475280593
-2.203185307179673,23.404636755131932,-8.08630098382126
-2.1931853071796734,15.047377363257691,-11.124949020097482
-2.1831853071796736,19.267739275883347,-8.772417239088254
-2.173185307179674,8.505618027184752,-11.44424436628757
-2.163185307179674,22.8417428406806,-10.522979723351659
-2.1531853071796743,25.29884204899708,-7.713674675217999
-2.1431853071796745,20.31777012811399,-8.33695853520912
-2.1331853071796747,14.85983996763036,-7.069597188223137
-2.123185307179675,18.22106906760791,-8.743968128621919
-2.113185307179675,9.364122325600531,-9.21287828266434
-2.1031853071796753,10.749132979889175,-11.376003799458326
-2.0931853071796755,23.59728408287511,-6.838261342654681
-2.0831853071796758,16.68577357795705,-6.947652573433641
-2.073185307179676,9.544949614384707,-11.523789315267692
-2.063185307179676,12.326731332297577,-7.86135314541699
-2.0531853071796764,8.685152741665968,-8.725897779627344
-2.0431853071796766,8.264691305077697,-8.50334710504649
-2.033185307179677,16.571290987379648,-6.620622192064695
-2.023185307179677,23.095266355586844,-8.509104422423068
-2.0131853071796773,7.224369475564118,-10.878985145914688
-2.0031853071796775,22.131085409061814,-8.91438048074746
-1.9931853071796777,21.233801695944976,-10.569959533895975
-1.983185307179678,7.851145966205387,-6.775484804913516
-1.973185307179678,7.845488511784169,-11.613885285385182
-1.9631853071796783,14.106274367809522,-7.138515797973178
-1.9531853071796785,14.309963117784758,-11.463279629364672
-1.9431853071796787,5.870417203176278,-9.163148598077356
-1.933185307179679,18.856680400108672,-8.149259711118702
-1.9231853071796792,11.921044572633733,-7.71930424480538
-1.9131853071796794,7.025021816445744,-11.059804777963604
-1.9031853071796796,12.256079492884759,-10.139041091095145
-1.8931853071796798,20.332347741225156,-10.87217829933983
-1.88318530717968,10.803085489650455,-6.253547165641556
-1.8731853071796802,15.657193671574733,-9.023446852884351
-1.8631853071796804,4.485909058313414,-9.292442466270227
-1.8531853071796807,18.263833244033705,-5.398987419054545
-1.8431853071796809,7.485908921076473,-9.55590353043878
-1.833185307179681,9.283845011015528,-8.394907467104543
-1.8231853071796813,8.535856759203325,-10.854923291239363
-1.8131853071796815,9.587218939516445,-5.150497999089907
-1.8031853071796817,19.37023236089401,-6.7187789658749875
-1.793185307179682,18.877595285785176,-10.752095996688535
-1.7831853071796822,17.85056686326808,-6.461062545381777
-1.7731853071796824,6.823315815885754,-6.6009265277882205
-1.7631853071796826,4.236774108706441,-9.866742247621419
-1.7531853071796828,3.5567865364506352,-7.549422129514843
-1.743185307179683,15.649527726924845,-5.309970411254776
-1.7331853071796832,15.247030569597616,-7.296338785259216
-1.7231853071796834,11.143384544358204,-8.938407883400469
-1.7131853071796836,13.620506609847641,-6.203717350119154
-1.7031853071796839,8.607671750356612,-6.213935822899918
-1.693185307179684,3.7335622073317296,-5.049137132478377
-1.6831853071796843,12.047643818671396,-8.202560519689584
-1.6731853071796845,5.130781123764033,-8.616256409282002
-1.6631853071796847,2.858334566407466,-5.2696953783124645
-1.653185307179685,10.596438862434882,-7.502553092114153
-1.6431853071796851,6.598624545370235,-5.2524499769012865
-1.6331853071796854,15.80889990853061,-6.333378082420299
-1.6231853071796856,14.885564914790704,-6.365072865292923
-1.6131853071796858,13.21426857077861,-8.28156789358815
-1.603185307179686,11.767926041544424,-6.532833008825662
-1.5931853071796862,2.810870259097327,-3.565509318376116
-1.5831853071796864,7.1000897002366505,-8.57325879708177
-1.5731853071796866,13.416391387011146,-8.54410528845807
-1.5631853071796868,3.3979343872839607,-6.452823639528958
-1.553185307179687,6.055912403306056,-5.395007728016474
-1.5431853071796873,11.405875297274406,-4.285337698125275
-1.5331853071796875,8.844787159901893,-5.926958178746348
-1.5231853071796877,12.377817733068508,-3.4675325435545576
-1.513185307179688,7.368862560041576,-6.358614447475293
-1.5031853071796881,3.291510655171927,-7.6206610900931695
-1.4931853071796883,2.908626431229159,-8.45529099161666
-1.4831853071796886,1.6290083475083446,-7.445084571949716
-1.4731853071796888,2.198648111478442,-4.608003189080051
-1.463185307179689,2.948934358814533,-4.8763673760883
-1.4531853071796892,4.960784504301298,-5.019983146620415
-1.4431853071796894,6.002959853577785,-6.316673292656777
-1.4331853071796896,9.463119682309289,-5.844642512090052
-1.4231853071796898,1.1702987724684704,-5.83937472551693
-1.41318530717969,8.43682262069878,-8.351820596171152
-1.4031853071796903,10.657448586838237,-8.385338773616093
-1.3931853071796905,5.219715957334081,-4.538323309468634
-1.3831853071796907,3.5508323586202533,-6.347288346809062
-1.373185307179691,8.607963063145174,-3.620361809026943
-1.363185307179691,4.848346509399214,-2.6362659658189918
-1.3531853071796913,3.871192798895705,-7.600789347727725
-1.3431853071796915,7.697853243556249,-3.4491412752314323
-1.3331853071796917,1.0307085134696052,-7.235509343527301
-1.323185307179692,1.705574882509561,-4.779436176540584
-1.3131853071796922,7.510471055024167,-2.020644582375077
-1.3031853071796924,4.091768336263945,-5.928124860780596
-1.2931853071796926,1.448476650865393,-6.017401270346995
-1.2831853071796928,2.9101874955575022,-6.073253169455513
-1.273185307179693,2.1926827838002194,-3.0423659446719005
-1.2631853071796932,3.6651918670911403,-6.346759315294328
-1.2531853071796935,4.526059901795829,-3.73103810800321
-1.2431853071796937,0.6206456131300577,-5.924189068190775
-1.2331853071796939,8.990740372037472,-3.985393797804993
-1.223185307179694,6.798581814554105,-7.321730959274817
-1.2131853071796943,5.595247702152804,-3.7740669176650217
-1.2031853071796945,1.04992400937329,-2.9904558614234573
-1.1931853071796947,2.3358603904845268,-1.435881441947457
-1.183185307179695,8.376416299264909,-2.3485952724878394
-1.1731853071796952,7.88504670602122,-5.7172693644510995
-1.1631853071796954,0.19529484688506804,-2.6582716802030557
-1.1531853071796956,1.9060073518551213,-6.6465745361303235
-1.1431853071796958,2.369543825205077,-6.137715606398157
-1.133185307179696,0.4111754498506035,-6.6702682767997725
-1.1231853071796962,6.000046316817725,-6.399956853551627
-1.1131853071796964,0.8665072033402104,-0.8376421523594559
-1.1031853071796967,0.8923137342033247,-4.206352544430877
-1.0931853071796969,1.3996601357882845,-1.1517530860852974
-1.083185307179697,0.3685989377998974,-6.370510000503079
-1.0731853071796973,3.13894381139324,-3.2214074715849677
-1.0631853071796975,1.1385825494459967,-3.945574284532041
-1.0531853071796977,0.22451319029478412,-5.7380820667993975
-1.043185307179698,5.239017399429748,-4.799203863031212
-1.0331853071796981,2.587344375838686,-0.4096445723848665
-1.0231853071796984,0.22747294306609162,-3.696860231452413
-1.0131853071796986,0.004328260743838932,-2.2516680184958515
-1.0031853071796988,4.3789413759401885,-2.3066189745478685
-0.993185307179699,3.398361991908499e-05,-5.261054153785393
-0.9831853071796992,3.273389123071902,-2.8259414959950346
-0.9731853071796994,1.650075123293025,-5.142615921582369
-0.9631853071796996,2.5976530280088492,-4.981456357689112
-0.9531853071796998,2.5610690728840155,-4.164240415446917
-0.9431853071797001,4.443548539620149,-1.0194444171444215
-0.9331853071797003,4.625722227371359,-2.7836173187543833
-0.9231853071797005,0.053898906536301736,-4.421753809116828
-0.9131853071797007,1.248224814884423,-3.473905423488568
-0.9031853071797009,2.267665178037836,-2.927156961622618
-0.8931853071797011,2.3674195225707604,-4.602588652004499
-0.8831853071797013,1.1225095719784983,-3.988467599570061
-0.8731853071797016,1.0177586619248131,-3.1952236651959094
-0.8631853071797018,0.012322496679712299,-4.146318553838106
-0.853185307179702,1.0922839537411662,0.8399556173138178
-0.8431853071797022,2.627376942314718,-3.867155178651984
-0.8331853071797024,1.4613752490163427,-1.4517831794842717
-0.8231853071797026,3.0548663190981897,-4.25650354733434
-0.8131853071797028,0.13404524274285584,0.7886389286534119
-0.803185307179703,0.3119915934181337,-0.42502579329586165
-0.7931853071797033,0.021392922785560098,-2.402786895757391
-0.7831853071797035,0.30530420864901436,-3.9477287079437744
-0.7731853071797037,0.001761884620002029,0.1365443537825064
-0.7631853071797039,0.09324983922194521,-2.739344275338312
-0.7531853071797041,3.318954909433103,0.1655763986003871
-0.7431853071797043,0.8067878898150815,-0.6462136920392005
-0.7331853071797045,0.003112760088507319,-0.7854533841635385
-0.7231853071797048,2.2941664436266946,-0.44275812686444826
-0.713185307179705,1.3668235423718518,0.4099877680649253
-0.7031853071797052,0.4100791852514484,-0.38837541734803716
-0.6931853071797054,0.07657255052192896,-4.032069029284511
-0.6831853071797056,0.07588107671816084,-1.4852211277526897
-0.6731853071797058,0.4546179343553632,0.7375872248890223
-0.663185307179706,1.6820065180616819,-0.6655881319874719
-0.6531853071797062,0.3433241856906554,-0.38749009102467036
-0.6431853071797065,0.6369631848064676,-1.0254918581415915
-0.6331853071797067,0.8318928104096139,-0.20840243145329107
-0.6231853071797069,1.5966320244699725,-0.32820340569146933
-0.6131853071797071,0.012823822485471262,-1.1134628738528394
-0.6031853071797073,0.4181405967955873,-0.800802295128543
-0.5931853071797075,0.5247395259429846,1.071430489825519
-0.5831853071797077,0.004128366671179899,0.5506700785133329
-0.573185307179708,0.09382298096812519,-0.07874474889101002
-0.5631853071797082,1.8956529021902795,-1.1957980660666274
-0.5531853071797084,0.04771686701386237,-2.7632218173648164
-0.5431853071797086,0.7212536718319906,-2.633465889922306
-0.5331853071797088,0.15525377229128912,-2.786888124190796
-0.523185307179709,0.8926974766377136,-1.034266532516259
-0.5131853071797092,0.4104997843987892,0.8486564404977732
-0.5031853071797094,0.8624150132391891,1.2626054595100868
-0.49318530717970965,0.0044633926259303874,2.9787472331444707
-0.48318530717970987,0.4871794244931217,-2.1751761303887127
-0.4731853071797101,0.3107318114662968,-0.7198662264349893
-0.4631853071797103,0.05648294918586823,-1.1582577208522589
-0.4531853071797105,0.9143291671329916,-1.1659136625479078
-0.4431853071797107,0.0010596280661620805,-1.7586892429171317
-0.43318530717971093,1.266133693527121,1.741227283041997
-0.42318530717971115,1.2961752158579976,-2.16436383873854
-0.41318530717971136,0.0789466066975092,-1.2589964256753583
-0.40318530717971157,0.0389024244517302,3.2407225118791416
-0.3931853071797118,0.07887137598508187,0.08121053817205404
-0.383185307179712,1.4671141881337946,0.4531044086676337
-0.3731853071797122,0.06825823751986988,-0.110414537862904
-0.3631853071797124,0.03749945325282881,3.7898578705187833
-0.35318530717971264,0.5757816770567177,-1.2986128643161086
-0.34318530717971285,0.012428676743193479,0.9954730652042565
-0.33318530717971306,0.29622810939636834,0.14062600070608933
-0.3231853071797133,0.23747115672867208,3.5949340142543176
-0.3131853071797135,0.051059902422241066,0.06180289441068698
-0.3031853071797137,1.7178160123965827,3.2500316668684945
-0.2931853071797139,0.01437553639302087,0.43012517419766105
-0.28318530717971413,3.0417127863805358,1.8380876662700927
-0.27318530717971434,0.36381599193124614,3.4721754619446523
-0.26318530717971456,1.480755485773134,0.5402779804365265
-0.25318530717971477,1.2720264774613084,-0.14129222127763819
-0.24318530717971498,1.3025543934042612,-0.6705903003199949
-0.2331853071797152,1.9959303968187672,2.8550038325430482
-0.2231853071797154,1.0638718073762887,4.33148891099298
-0.21318530717971562,3.4106695749376144,4.638646369517199
-0.20318530717971583,0.02559075128500559,0.6842788292773676
-0.19318530717971605,0.12089797680136635,2.1138325226362875
-0.18318530717971626,0.0277350503078513,2.2043694669891076
-0.17318530717971647,0.3195394096641421,-0.3676434398230688
-0.1631853071797167,0.3494255615246783,-0.2031105682062131
-0.1531853071797169,2.3037917288868655,2.4119487703928164
-0.14318530717971711,1.709433251644659,4.531654240466642
-0.13318530717971733,0.7844074952249602,-0.47517086995194924
-0.12318530717971754,0.06589239829467346,4.670219919515175
-0.11318530717971775,0.0017798155466101449,1.0243409943883364
-0.10318530717971797,0.00877088587237929,4.328972408394545
-0.09318530717971818,1.5069651565057307,1.338539628281923
-0.08318530717971839,4.606909034970547,3.7115637603318774
-0.0731853071797186,1.3890867332357908,1.244162214135002
-0.06318530717971882,4.688736035343856,0.5947488551317259
-0.05318530717971903,1.28615230338988,5.557924453852436
-0.043185307179719246,0.9268462664669364,2.5958340508952205
-0.03318530717971946,0.6215217249568835,1.0536800429101278
-0.023185307179719672,5.451847715662616,-0.03536352438750234
-0.013185307179719885,0.021371461342555832,1.0879435985030912
-0.0031853071797200982,3.1745219841262564,5.536479357508018
0.006814692820279689,3.2737595326299544,1.2299009148966076
0.016814692820279475,1.1467540469598059,2.4861261800744816
0.026814692820279262,0.18163091728499545,1.877776940137233
0.03681469282027905,2.3853316685607933,2.1586353148680493
0.046814692820278836,3.2171821995589793,3.9702952719077125
0.05681469282027862,2.4657025089488673,4.949975352593254
0.06681469282027841,0.33970764287220756,3.358867852103476
0.0768146928202782,0.044454561042954574,1.2744152233599695
0.08681469282027798,1.137024483055626,3.0153714684136528
0.09681469282027777,0.8980952915008387,1.074207855392546
0.10681469282027756,0.14930613561330558,1.6133469708314325
0.11681469282027734,2.3924758553766026,1.662546341614665
0.12681469282027713,0.5735715778388877,4.9196559777831865
0.13681469282027692,4.714815503141729,5.331950194318087
0.1468146928202767,2.192612747667673,2.8074857385771606
0.1568146928202765,0.2578136360083444,2.5931883692796047
0.16681469282027628,4.322985848966839,4.361970951350577
0.17681469282027606,6.1198611823314835,6.00097897132374
0.18681469282027585,8.278171606418072,3.437551091495881
0.19681469282027564,6.432681585853048,5.175632151214415
0.20681469282027543,2.58518882850476,5.9940864992176435
0.2168146928202752,0.9083181936272677,4.451305583503102
0.226814692820275,8.53070953451667,5.304239766544576
0.23681469282027479,8.533229262720967,2.6756066251548534
0.24681469282027457,2.400969705236583,3.0776151097830415
0.25681469282027436,0.7849382335783603,5.3560087429912695
0.26681469282027415,1.9157814140651017,7.3451191300337335
0.27681469282027393,0.5484257888439124,4.9990083349303225
0.2868146928202737,7.818490014107747,5.870019330906628
0.2968146928202735,2.1549317306800346,6.279789772020025
0.3068146928202733,1.495616303983939,5.6805650387377655
0.3168146928202731,4.879678396774578,7.4401764649306426
0.32681469282027287,9.636630604003043,7.845379079755038
0.33681469282027265,4.71150180713211,2.4108111308187947
0.34681469282027244,5.278479210583715,5.792415891394824
0.35681469282027223,6.971774575971894,6.478997535994879
0.366814692820272,9.642994453542187,4.921272728154584
0.3768146928202718,8.000104828924922,2.49244760969839
0.3868146928202716,10.142357727296163,5.677548466792127
0.3968146928202714,6.992548871479446,3.5696418912625587
0.40681469282027116,5.319909539045865,5.159160517908164
0.41681469282027095,3.781493151844957,7.598769797565534
0.42681469282027074,11.399204799500586,3.5866804929413885
0.4368146928202705,4.326138357119955,3.312378601952302
0.4468146928202703,5.55451188872469,4.911874732135181
0.4568146928202701,10.838404617788136,6.855700364974055
0.4668146928202699,3.9091067433592634,5.482095716528657
0.47681469282026967,2.9449908903479427,3.112016010089567
0.48681469282026946,5.976867274337172,5.06915932636575
0.49681469282026924,9.758180240957046,4.8630263133078895
0.506814692820269,11.597986313170008,3.1407329395313157
0.5168146928202688,9.79602499932477,6.119421798390902
0.5268146928202686,8.266057591205517,8.179112561138918
0.5368146928202684,10.773288426618658,4.978101974121829
0.5468146928202682,11.0488658839332,8.62122111743558
0.556814692820268,3.0001608609672292,8.075888778049794
0.5668146928202678,6.911223455740032,7.1961471115598155
0.5768146928202675,11.122471794372354,6.859717252590563
0.5868146928202673,3.503483217960781,4.6690283223475095
0.5968146928202671,7.143267758902291,4.940953490212473
0.6068146928202669,11.63381299866452,6.855814859661089
0.6168146928202667,6.695307204100359,7.292469767722438
0.6268146928202665,10.469523745444231,8.687510157564233
0.6368146928202663,9.319953167703758,4.350366944062161
0.646814692820266,7.257916910100927,8.793132047868449
0.6568146928202658,11.440193627131226,9.21832162305848
0.6668146928202656,12.533128285284546,7.095189889643272
0.6768146928202654,10.655473068007712,8.038352004094365
0.6868146928202652,13.5211323510574,4.57790473424839
0.696814692820265,14.524141963223396,5.700909284661243
0.7068146928202648,16.055328882696536,8.250134972038701
0.7168146928202646,6.737083996386895,4.845630371041749
0.7268146928202643,9.714604279809457,5.4105974915270885
0.7368146928202641,4.878288287207003,9.982395530017795
0.7468146928202639,7.964264540874909,8.913006027288699
0.7568146928202637,11.702566286476944,9.702710681392775
0.7668146928202635,17.481831300235605,4.680834359580867
0.7768146928202633,7.923015977875516,9.599216551314747
0.7868146928202631,12.07122823438102,7.115406095194886
0.7968146928202628,4.814276514749129,8.26853427479892
0.8068146928202626,18.272543659292907,7.845962952353518
0.8168146928202624,6.770084269561259,10.806594181928645
0.8268146928202622,7.412983986198924,10.220504553591839
0.836814692820262,4.826549217028355,7.559221453787516
0.8468146928202618,16.21151370907176,9.415176656424649
0.8568146928202616,10.504939253669082,8.62506068849624
0.8668146928202614,6.446540751366216,10.75651515266603
0.8768146928202611,17.337724715031683,6.187181334168496
0.8868146928202609,8.693338999911143,8.961894613036177
0.8968146928202607,5.616152254749659,10.893797220445123
0.9068146928202605,14.84910217777501,6.207327020435382
0.9168146928202603,9.349250683879632,7.474148518576693
0.9268146928202601,13.593317133636901,10.23134687427634
0.9368146928202599,14.234637975156552,5.6313693597565075
0.9468146928202597,17.001082486277898,11.572952056649484
0.9568146928202594,16.20396271295123,7.273483542082161
0.9668146928202592,15.31495693126587,7.410466863284437
0.976814692820259,6.198639892016254,9.969355488824618
0.9868146928202588,23.498572387993537,7.762225711609393
0.9968146928202586,7.149134421881069,11.314936292834691
1.0068146928202584,16.897576108716535,8.167887808042288
1.0168146928202582,11.51755545243214,7.880778834784141
1.026814692820258,6.430180551755251,10.835202954694779
1.0368146928202577,16.317230298900405,9.744881203004079
1.0468146928202575,19.81920826940828,11.094299993509079
1.0568146928202573,10.030358828276402,11.861614534630165
1.066814692820257,8.501816439709458,7.078938167247956
1.0768146928202569,23.169788460199907,9.095326856690406
1.0868146928202567,16.742920860564404,8.793281463790304
1.0968146928202565,14.26867225391119,10.390241443594412
1.1068146928202562,22.69190769584367,9.54349342904582
1.116814692820256,8.048906837204092,12.05976919584588
1.1268146928202558,26.065529999441484,12.234978143378676
1.1368146928202556,17.100205021462415,8.037120584457341
1.1468146928202554,10.475748247711637,11.471474678140627
1.1568146928202552,14.014932900241341,12.369545775147442
1.166814692820255,17.39252635464407,12.815455102388139
1.1768146928202547,23.725612822020974,12.929251878081214
1.1868146928202545,12.7505364107696,9.765850214852463
1.1968146928202543,12.871007910093407,9.07575277178142
1.206814692820254,11.36219460340122,10.793016404225344
1.216814692820254,23.66302404078229,10.154090266506323
1.2268146928202537,26.39853348650436,9.311856914499264
1.2368146928202535,15.645899492314994,8.763880161667004
1.2468146928202533,16.34005903378422,9.297707234503267
1.256814692820253,10.11606552036637,11.7643312658985
1.2668146928202528,14.466534587929484,12.67409101017889
1.2768146928202526,21.21826343963568,12.821847937582504
1.2868146928202524,29.93423672798498,13.286495150389836
1.2968146928202522,11.501825528580097,12.496595210543521
1.306814692820252,30.223268825610155,11.594505376880454
1.3168146928202518,15.439752766649418,10.730108825367926
1.3268146928202516,23.477040152344443,13.180924006611566
1.3368146928202513,18.396399109695526,8.824041760085901
1.3468146928202511,23.762274778451555,11.785077977136359
1.356814692820251,15.709732712125167,10.070344628676374
1.3668146928202507,25.680626937703252,8.583718671734532
1.3768146928202505,12.002930963778725,11.763438603836736
1.3868146928202503,28.645926047715747,11.098426590879786
1.39681469282025,31.616594724372554,11.027944601202371
1.4068146928202498,14.024080264095687,9.223900149175183
1.4168146928202496,21.160879642795038,10.597937681633741
1.4268146928202494,17.953531012809158,8.925485297951724
1.4368146928202492,18.743890846587895,10.901932649406003
1.446814692820249,34.1803276373206,8.867354747353716
1.4568146928202488,21.535050938633642,9.426168415043493
1.4668146928202486,19.828717399462747,9.190074297283022
1.4768146928202484,20.71071070476492,9.352739024326471
1.4868146928202481,19.800025119045564,13.864004485925554
1.496814692820248,20.66045872270223,13.54185312829787
1.5068146928202477,22.34879564216756,13.6345567201782
1.5168146928202475,21.444579112675598,13.091587471169301
1.5268146928202473,36.491456946182375,11.941808485397765
1.536814692820247,26.519587083653782,12.361472855220143
1.5468146928202469,20.709106093469433,14.061344698053139
1.5568146928202466,24.3480086267346,11.390578599454061
1.5668146928202464,15.203072994113889,13.846922431762527
1.5768146928202462,29.900322220555154,12.084431747443393
1.586814692820246,40.14457532118121,14.493874735111389
1.5968146928202458,35.53368544523721,11.185052388403726
1.6068146928202456,34.031994405603754,10.295526671300054
1.6168146928202454,39.19986885001485,10.585712963342544
1.6268146928202452,22.50108766667772,15.726452864848387
1.636814692820245,24.743080516533468,10.11631036989817
1.6468146928202447,29.03388095986191,14.259335777335124
1.6568146928202445,28.338013432473076,11.50518440055204
1.6668146928202443,42.34724599973798,12.265526811909327
1.676814692820244,35.03943821087352,12.323144279482719
1.6868146928202439,38.68709532314844,15.157103263344654
1.6968146928202437,42.78300520509788,12.079079144852011
1.7068146928202435,20.774028441412355,13.546219986354554
1.7168146928202432,31.641238816884602,12.386152512940717
1.726814692820243,44.08330677307429,12.496776760719765
1.7368146928202428,39.21255954016597,13.474826783780863
1.7468146928202426,23.915818777736998,11.030405214923265
1.7568146928202424,28.099435832009924,13.439450407218024
1.7668146928202422,41.676925986817736,13.054883273478154
1.776814692820242,37.856286891410605,16.325281303371828
1.7868146928202417,44.66386530960685,11.031310583857941
1.7968146928202415,32.11333564075041,12.708416828621194
1.8068146928202413,38.79444427913209,16.290444006261318
1.816814692820241,37.537519454065404,12.59152946060846
1.826814692820241,47.224497938816576,12.147081675100255
1.8368146928202407,40.843921107741664,12.08871330652761
1.8468146928202405,42.49157306993384,14.838783680418638
1.8568146928202403,36.05677129969031,14.539550863076547
1.86681469282024,26.416019788878806,13.293077691713684
1.8768146928202398,37.26398350199908,13.390177820858106
1.8868146928202396,41.602732712679206,11.617510908389843
1.8968146928202394,24.936386150165617,13.310209673246348
1.9068146928202392,24.84575219161006,15.275876838200954
1.916814692820239,23.73995665090237,11.71158243028845
1.9268146928202388,47.37805238155237,16.716678399386517
1.9368146928202385,33.125689467428685,12.440246980544241
1.9468146928202383,28.09165069673176,15.622452020685888
1.9568146928202381,38.907226718788785,13.644426280727004
1.966814692820238,39.301163086255784,17.280770912395965
1.9768146928202377,41.15090132339321,13.195035152735299
1.9868146928202375,25.256077451133176,12.265200312267988
1.9968146928202373,37.58046277409185,16.326348658899352
2.006814692820237,26.83174830431031,15.797161412993365
2.016814692820237,44.12641410906749,17.52015685975464
2.0268146928202366,33.05109762404327,17.247169287354936
2.0368146928202364,40.881213488763095,13.987378750015003
2.046814692820236,50.91646951081419,17.306560614536487
2.056814692820236,46.638994925134746,17.089518942585972
2.0668146928202358,41.012797983716645,15.893256372300986
2.0768146928202356,26.67217424879413,15.174656070514171
2.0868146928202354,47.2383435358533,13.974262330943944
2.096814692820235,37.72487756562522,14.77708796514164
2.106814692820235,54.92078771558275,14.218443815343345
2.1168146928202347,36.37631833113802,16.96841053405757
2.1268146928202345,45.92122262030418,14.057108683819793
2.1368146928202343,58.67892870246534,15.468481537485376
2.146814692820234,47.8387604795591,18.24104751790539
2.156814692820234,28.363327862680542,14.596391756781326
2.1668146928202336,45.53088433039666,16.99380783413161
2.1768146928202334,28.762009648379838,14.696442880474594
2.186814692820233,46.15378794956247,17.860151197478046
2.196814692820233,29.124692359311155,14.731125320173128
2.206814692820233,59.49686521756361,14.341653090185547
2.2168146928202326,31.053925445837287,16.528057356447135
2.2268146928202324,36.30082115429582,16.036716904739023
2.236814692820232,54.72826922455554,15.182554854998132
2.246814692820232,33.44597216246781,15.226812987090634
2.2568146928202317,45.93590993727169,17.621271082001055
2.2668146928202315,60.463249723404076,18.33509755154178
2.2768146928202313,44.98615858504218,14.701581383303523
2.286814692820231,43.711573094900764,19.499187239336074
2.296814692820231,52.57192840272066,15.107975908940315
2.3068146928202307,57.293064769799244,17.183777457994776
2.3168146928202304,32.424326980343295,19.801882412334923
2.3268146928202302,60.24552144823261,15.512601521437249
2.33681469282023,61.706370921342256,14.458652066351053
2.34681469282023,38.854562622801765,17.848263574262386
2.3568146928202296,46.191229146528244,18.084572627720565
2.3668146928202294,45.25881797869803,17.843641552113894
2.376814692820229,65.76752005280224,16.168437562176802
2.386814692820229,67.60365854031821,15.216874582707252
2.3968146928202287,59.47012735614784,14.982280874962822
2.4068146928202285,42.32868997011155,16.838643370647635
2.4168146928202283,48.5042141583041,14.891856912635799
2.426814692820228,36.63664628674934,18.25305038246759
2.436814692820228,68.21979832587535,18.679325581315908
2.4468146928202277,64.53053947973422,17.84248858327748
2.4568146928202275,38.2354987280639,17.70268196300605
2.4668146928202273,62.39097726459648,15.973242634053388
2.476814692820227,54.33359233793948,20.408367290957763
2.486814692820227,55.17321678086299,16.061418185919468
2.4968146928202266,43.57692741259254,17.78348887337224
2.5068146928202264,69.48347832799223,16.449121836341188
2.516814692820226,55.30426443171057,19.01480520174446
2.526814692820226,42.636361607132635,16.07999154786304
2.5368146928202258,65.244847187476,20.106627778045677
2.5468146928202255,50.247514027577225,19.67183086156726
2.5568146928202253,64.36086934682731,20.137095926761912
2.566814692820225,51.106054101851726,16.354057347244904
2.576814692820225,44.490887187651495,19.241258543502195
2.5868146928202247,75.3088974209748,20.83818569772248
2.5968146928202245,57.159303747981454,15.715074087817737
2.6068146928202243,44.36041735328925,19.536828416291183
2.616814692820224,47.76317379460322,21.15907325021751
2.626814692820224,72.5370677944635,17.74888984274139
2.6368146928202236,75.45185409551613,21.754711826354075
2.6468146928202234,69.92185776335022,19.16303044687237
2.656814692820223,51.020861486632754,15.954509231101895
2.666814692820223,71.96241742790778,20.984069177510552
2.6768146928202228,52.316702337540605,21.90885905053577
2.6868146928202226,47.67827442910253,16.547790452892087
2.6968146928202223,70.90672032837408,16.59445855276213
2.706814692820222,73.25123817051815,18.889953285161095
2.716814692820222,44.460084191719446,18.476372950473653
2.7268146928202217,78.14867911195313,20.798161548532565
2.7368146928202215,74.76676004566698,17.710857431719575
2.7468146928202213,82.43319220223736,19.60417226917366
2.756814692820221,74.27132477758951,18.211887105810078
2.766814692820221,61.353693397971874,17.79129466484077
2.7768146928202206,53.35028462823594,17.757920822511053
2.7868146928202204,57.67458996123119,18.543549852462814
2.79681469282022,74.17244645564516,21.640299958244857
2.80681469282022,86.37585624146502,19.981095273235056
2.81681469282022,51.030455589087126,18.77491372784124
2.8268146928202196,52.61192896234047,19.170957642166414
2.8368146928202194,73.94820618212862,20.366501693861228
2.846814692820219,51.464994751451826,22.65173124716449
2.856814692820219,57.695474686784394,21.870194097718517
2.8668146928202187,74.54625589820367,19.733713224975133
2.8768146928202185,81.35262320880432,18.606873781994345
2.8868146928202183,54.01924169676637,18.02578148785125
2.896814692820218,66.48227498341444,22.164114949141883
2.906814692820218,87.39669918417019,19.98730440057116
2.9168146928202177,56.05748936073461,18.51045316482935
2.9268146928202174,83.63116858559704,18.621016113345192
2.9368146928202172,61.15313686529765,19.04346353848042
2.946814692820217,74.91744233498878,22.04651546758165
2.956814692820217,64.91853555804119,23.64719740072546
2.9668146928202166,57.40840869928938,22.54043987493766
2.9768146928202164,67.86046561944205,22.010500430374357
2.986814692820216,79.01364125106197,22.459044059458087
2.996814692820216,81.28165732498373,21.728295036621617
3.0068146928202157,92.26746054410829,22.12148234535792
3.0168146928202155,64.0388236428648,19.745467345261392
3.0268146928202153,96.70363836976803,18.995289441432533
3.036814692820215,58.73169255291073,24.207971518055736
3.046814692820215,67.73242639683144,20.193141792979997
3.0568146928202147,84.85644267026305,19.927796745074247
3.0668146928202145,79.45348261272571,20.713898759666797
3.0768146928202142,65.52441179898608,23.655157084751636
3.086814692820214,85.6727446082137,23.57499350821164
3.096814692820214,100.0678740586026,24.102845268842238
3.1068146928202136,77.20671361366395,20.060620688180855
3.1168146928202134,97.6223827422661,19.692759080763814
3.126814692820213,60.75450833151779,19.979046180528258
3.136814692820213,59.6361471818357,22.873614636083456
3.1468146928202128,83.67193564387884,21.637419261445544
3.1568146928202125,78.67618731838294,24.74605158655937
3.1668146928202123,60.593965520392565,21.31045339626599
3.176814692820212,74.16068486924036,21.472910540370197
3.186814692820212,81.21726919275868,22.56390622965121
3.1968146928202117,77.31338761953647,19.441543387001314
3.2068146928202115,81.1256763997973,21.997972238733492
3.2168146928202113,88.74613391498727,19.699680011630136
3.226814692820211,84.8674992885932,23.133760298530888
3.236814692820211,93.8250573267486,22.219192612488524
3.2468146928202106,91.7293110308824,21.187917930639056
3.2568146928202104,79.480794362616,24.035713249599986
3.26681469282021,100.23598100883818,23.680015498319626
3.27681469282021,68.84432693227181,24.577796255656526
3.2868146928202098,105.88562209454187,24.741216557290095
3.2968146928202096,69.21274735378351,25.4430593172696
3.3068146928202093,68.36375602635059,24.454647419754853
3.316814692820209,89.4884042555356,22.373408264910807
3.326814692820209,98.68722299622118,20.364177495261732
3.3368146928202087,82.54945274543378,22.397706901468883
3.3468146928202085,109.53152759763921,20.149075232194967
3.3568146928202083,100.25963331895092,23.361585569162976
3.366814692820208,90.83388370113074,24.86434632202625
3.376814692820208,71.53936511030247,23.210880194118403
3.3868146928202076,108.45819509115756,22.14080254685161
3.3968146928202074,107.17588488916871,25.72313161445181
3.406814692820207,89.3415573724989,26.03375273660467
3.416814692820207,113.22421045448792,20.74900980039713
3.426814692820207,101.80488974689965,20.915756432213314
3.4368146928202066,104.98177149933724,24.50113725841137
3.4468146928202064,85.68530839496954,26.332467792416473
3.456814692820206,78.31865842661567,24.06284213560976
3.466814692820206,82.72365134097713,21.283739797903365
3.4768146928202057,73.31868697411316,25.896227291094974
3.4868146928202055,93.67847598885494,24.02113469463627
3.4968146928202053,115.22945022676475,22.192017054548575
3.506814692820205,84.74785584680174,24.674784439157165
3.516814692820205,75.40278110947165,27.040198188595983
3.5268146928202047,102.12937715901197,25.195410108381164
3.5368146928202044,116.61443585368596,23.66232868644732
3.5468146928202042,94.04571123840277,23.157082324081635
3.556814692820204,77.96045840496933,26.659141190761428
3.566814692820204,86.20921147382103,25.301487254709382
3.5768146928202036,115.40833183059965,22.35759339777273
3.5868146928202034,110.99523159480421,25.449260241272867
3.596814692820203,108.65358274584207,21.621956609681597
3.606814692820203,104.49742181722993,25.079542466187593
3.6168146928202027,96.33418289985215,22.906150117786193
3.6268146928202025,96.69959354605172,24.942335850121175
3.6368146928202023,120.04773579076064,23.5301274110372
3.646814692820202,86.97574487200451,26.033115954967307
3.656814692820202,84.99619616956804,27.265076767538933
3.6668146928202017,100.50869683514429,23.51231155780183
3.6768146928202015,89.32926688218154,25.80359363075214
3.6868146928202012,92.14609920050692,25.933388374785565
3.696814692820201,86.78977302890836,23.487594493508293
3.706814692820201,94.52776327603623,25.724970781266773
3.7168146928202006,86.35552792025986,25.22205286292926
3.7268146928202004,90.35418598788351,26.714676374698374
3.7368146928202,92.7601152565755,23.002253334070293
3.7468146928202,125.7881995072286,23.369392113431097
3.7568146928201998,97.14964335069948,22.551054740989475
3.7668146928201995,124.1685264939369,26.53989041775133
3.7768146928201993,106.13212136129457,25.66622601145896
3.786814692820199,89.80167025589459,28.198686346876876
3.796814692820199,123.26954533762992,28.338146427006514
3.8068146928201987,135.98467761413906,27.784486189849353
3.8168146928201985,113.56367236576631,24.553857047500806
3.8268146928201983,97.11813386758443,24.22310148898127
3.836814692820198,103.96376801893373,24.534400366370118
3.846814692820198,119.4428411960456,24.54510191856701
3.8568146928201976,122.19881810778895,24.05788110993122
3.8668146928201974,109.86730537843609,26.93697859271859
3.876814692820197,121.7585405221214,26.7420424851637
3.886814692820197,103.31135285687029,23.344224501614857
3.8968146928201968,133.70933039029535,23.798880531480506
3.9068146928201966,94.99218870847568,25.9249001896599
3.9168146928201963,118.89513710227247,25.029896706936416
3.926814692820196,101.28283640992917,25.380849575880845
3.936814692820196,96.19724061854846,26.059789127785244
3.9468146928201957,99.62372640063049,24.516108938347006
3.9568146928201955,104.26445666872532,25.43979122042805
3.9668146928201953,124.55465354675505,24.775412195811455
3.976814692820195,112.30624017508697,28.057220676732072
3.986814692820195,131.76945506461712,27.692031081213933
3.9968146928201946,105.51802041957859,27.86114311098628
4.006814692820194,131.0600797531904,26.724068805488415
4.016814692820194,132.01021236930865,25.156730172573216
4.026814692820194,119.24520997910994,29.715107603530683
4.036814692820194,147.72850428761132,25.610112146605438
4.046814692820194,148.51362484395025,29.51256138187427
4.056814692820193,118.37691608995391,28.79709551949874
4.066814692820193,105.56620031129438,25.986353409671842
4.076814692820193,142.99068451703693,29.418267364928212
4.086814692820193,112.73270362062934,25.888741242652106
4.0968146928201925,131.90037104673596,26.578962761748308
4.106814692820192,112.86751840833496,25.35860879388092
4.116814692820192,138.51485148807149,26.219756765340616
4.126814692820192,137.30868411110757,27.09439605615397
4.136814692820192,118.46645484389651,24.855088639556495
4.146814692820191,144.400282508766,30.11325184999237
4.156814692820191,128.5065785842894,25.5282697563623
4.166814692820191,137.4119023296921,28.77945146037966
4.176814692820191,124.35628211801794,28.85615543861046
4.186814692820191,141.41845869313238,25.77099754692736
4.19681469282019,146.59305790554617,30.048494521458984
4.20681469282019,115.70277099756174,28.040287428765204
4.21681469282019,138.19027893434532,31.04741995912444
4.22681469282019,131.32270239661995,30.791561711022045
4.2368146928201895,126.26891523246493,29.49739605988613
4.246814692820189,152.8816741179204,26.215964883983247
4.256814692820189,123.56178007729675,31.121365155780843
4.266814692820189,117.9269263724898,29.241560267378922
4.276814692820189,146.98367762987618,31.48769428386496
4.2868146928201885,153.32105614803535,28.518384393539733
4.296814692820188,125.99503383235154,31.005607588464503
4.306814692820188,146.45141986106063,28.25824332901437
4.316814692820188,128.0125251111326,26.83987897360101
4.326814692820188,149.53836525948236,30.75491841076844
4.336814692820187,120.01992584267597,31.183402207601546
4.346814692820187,155.70365173487562,28.06621989369539
4.356814692820187,139.09028242887535,27.01629062178175
4.366814692820187,128.64593964315694,28.913600090707348
4.3768146928201865,142.53133323931405,32.14443960017859
4.386814692820186,163.49180032155422,29.33701362770781
4.396814692820186,158.25498902861116,30.906571556452718
4.406814692820186,117.3484703380261,28.97049117446283
4.416814692820186,127.63208019413568,32.04302244021926
4.4268146928201855,142.08942403177807,30.61726723792368
4.436814692820185,126.89522765568142,29.668930256623867
4.446814692820185,129.43000356800337,31.876769712994793
4.456814692820185,128.11840110778678,28.19235605744187
4.466814692820185,175.4200152712742,30.160001489940814
4.476814692820184,158.46642900131178,31.676336358317414
4.486814692820184,179.21502352517703,30.403297832463558
4.496814692820184,121.39450096934138,29.67130751997111
4.506814692820184,133.88849071146436,31.450078601187876
4.5168146928201836,125.53195310414756,28.563423536304366
4.526814692820183,130.55521425054795,28.225125645815353
4.536814692820183,128.0954282370547,32.41236638622746
4.546814692820183,181.61180617355768,32.415793265685735
4.556814692820183,141.86840357120727,27.840313951342345
4.5668146928201825,185.38783985649843,27.784734178124353
4.576814692820182,144.56402221346843,30.85381522676243
4.586814692820182,149.18474163641105,31.421518795313744
4.596814692820182,137.5732524803735,31.648404332871674
4.606814692820182,148.66201450053327,31.108756941265497
4.616814692820181,132.02520189369727,29.442503774177517
4.626814692820181,189.23692410803395,33.66489128062014
4.636814692820181,182.99125621339525,32.72270655393435
4.646814692820181,130.41230000409666,31.366080376005158
4.656814692820181,146.43605824698972,32.1427764772789
4.66681469282018,186.0875295830279,32.03142138325724
4.67681469282018,147.72993772519771,30.09901691216725
4.68681469282018,175.8728601434221,33.06184823454625
4.69681469282018,160.47449242186093,31.484162402435427
4.7068146928201795,164.47600773729826,31.619521848175097
4.716814692820179,157.24041799343223,28.608555062250936
4.726814692820179,135.98575191377478,29.056612219160304
4.736814692820179,171.18109912072492,30.667276013606855
4.746814692820179,138.06797240293648,29.027531304369553
4.756814692820178,163.89044919525156,28.86491725968346
4.766814692820178,184.87655796855938,30.075059557579568
4.776814692820178,139.8939755022069,34.419964429079826
4.786814692820178,168.40290012742102,34.53045980465142
4.796814692820178,141.11836106101669,33.767604249966595
4.806814692820177,184.1658049596731,30.949745400643856
4.816814692820177,170.3672276157032,34.600444566215614
4.826814692820177,152.45460223292662,29.55121774061125
4.836814692820177,167.72239456306392,32.67174647587152
4.8468146928201765,159.3376865230039,35.06148527986808
4.856814692820176,154.1815011462075,30.779195886141494
4.866814692820176,158.20142475233317,33.338033637115394
4.876814692820176,177.3102261852914,31.29973704801383
4.886814692820176,162.58529303901662,31.1866206325896
4.8968146928201755,167.70557774355117,30.216577440013477
4.906814692820175,171.97708855291998,30.4739577060641
4.916814692820175,151.7352801452981,30.885427968686827
4.926814692820175,168.25559186299824,35.53292030081649
4.936814692820175,167.7571910826195,35.25001673816735
4.946814692820174,206.48099113618895,31.256825653913275
4.956814692820174,167.6126131123252,31.96643275519687
4.966814692820174,204.13427845547122,34.622457610007984
4.976814692820174,186.55551581289757,30.12120160847261
4.9868146928201735,166.18997902585323,31.772768438808694
4.996814692820173,171.59379229238573,34.81939050090146
5.006814692820173,157.30432133464294,32.39607502458247
5.016814692820173,189.81506236206008,33.87057919331598
5.026814692820173,193.90832883255018,30.664892085836126
5.0368146928201725,205.22956443233932,31.46035582553072
5.046814692820172,200.62349868603974,33.72975213553062
5.056814692820172,167.8418286071862,31.606629324145533
5.066814692820172,188.22525924455812,35.265216136588435
5.076814692820172,173.80766491254974,30.62829397190236
5.086814692820171,215.3103550823107,31.796168065759527
5.096814692820171,191.7454170385018,32.40557398217621
5.106814692820171,212.72883102482956,35.754822700467614
5.116814692820171,176.8066146199702,35.79997857022888
5.1268146928201705,224.70424728864526,36.55235655055337
5.13681469282017,186.63391295923037,32.8227989076901
5.14681469282017,183.86671950086838,34.41460428193609
5.15681469282017,180.95202216677228,31.287916275105943
5.16681469282017,165.5019371842803,32.04122573232192
5.1768146928201695,176.07068936839676,33.64526875514988
5.186814692820169,182.6568411720122,35.383751770731536
5.196814692820169,188.6879853417999,35.911483627233665
5.206814692820169,193.22722161810657,36.313463630034256
5.216814692820169,231.44764685748052,35.60256612565384
5.226814692820168,172.2653718128467,35.0838330591568
5.236814692820168,226.20178033996567,37.01793303066248
5.246814692820168,168.60830009628333,33.27379481956275
5.256814692820168,202.95594676351956,36.64447929503993
5.266814692820168,199.78275710957263,31.97075656690213
5.276814692820167,203.4296562372774,32.99383271458069
5.286814692820167,183.95888478613992,35.937573327646504
5.296814692820167,216.44336366822594,34.75452419802741
5.306814692820167,221.558485126881,36.69653152459205
5.3168146928201665,185.00825597153073,34.26069721091937
5.326814692820166,182.60378117272188,37.39308392589023
5.336814692820166,183.0881118893934,34.43363852644743
5.346814692820166,237.69737230917872,32.29836490887231
5.356814692820166,231.62064059774764,37.8706557138391
5.366814692820165,221.13472887616197,32.80242906665393
5.376814692820165,178.77110501233886,36.8202070490279
5.386814692820165,244.69505702284724,34.12731179726643
5.396814692820165,214.92037225262476,35.576284493393956
5.406814692820165,225.8709248153043,32.51917686846586
5.416814692820164,208.47055999682527,36.84259503739626
5.426814692820164,209.4947648281455,37.98554900201087
5.436814692820164,213.53819718998184,35.11123932010354
5.446814692820164,231.54099061348285,35.00446226495918
5.4568146928201635,216.71669920009816,37.87705463161285
5.466814692820163,238.91872741147483,34.621719753337416
5.476814692820163,223.69243525213892,36.158229712158686
5.486814692820163,245.87029611200526,33.30244123064738
5.496814692820163,226.544693023302,38.72632711541232
5.5068146928201624,230.8804193708197,33.77136446454547
5.516814692820162,245.6549065828745,38.87515113311196
5.526814692820162,200.12339587247678,37.9852307431366
5.536814692820162,242.54602090453693,36.40641661105621
5.546814692820162,233.1075056783798,35.79218857490341
5.556814692820161,211.49885816710986,35.450053178185975
5.566814692820161,252.2627799879557,37.701686198074796
5.576814692820161,188.6604396283426,36.801607322749746
5.586814692820161,255.703902795694,34.851982754015005
5.5968146928201605,240.86718228967558,35.87390180610053
5.60681469282016,211.04573463576767,39.61283780006629
5.61681469282016,236.67346866403477,37.954705815880274
5.62681469282016,203.93285608101664,35.253537506581694
5.63681469282016,196.59083920620068,34.123197670205315
5.6468146928201595,255.48842992429311,37.083826515377396
5.656814692820159,193.55191487820764,34.75269440640045
5.666814692820159,262.68899575641893,36.84065233781601
5.676814692820159,259.6331449971493,34.340636068375204
5.686814692820159,211.60445753183944,35.22532672865176
5.696814692820158,247.22544095146105,39.2987276344118
5.706814692820158,204.94444513914564,34.366449241665926
5.716814692820158,263.26688014975747,36.35243783558351
5.726814692820158,263.933687072953,37.560656818061055
5.7368146928201575,205.27164951752098,35.44048476184427
5.746814692820157,269.6757808963721,40.08979590650264
5.756814692820157,223.69310239929789,36.347576307260375
5.766814692820157,206.03331300510274,37.13343361192713
5.776814692820157,208.0800862829599,34.68757801803591
5.7868146928201565,270.0406202723787,39.07262792218097
5.796814692820156,255.41216168410995,40.71816352712648
5.806814692820156,277.9459643047943,40.64890373655936
5.816814692820156,273.6546293496347,37.32372530263794
5.826814692820156,206.2005287133572,40.62906691928028
5.836814692820155,255.12163155706241,40.02391067639196
5.846814692820155,268.5284215856753,38.90440200740626
5.856814692820155,275.2125253835986,36.94158216390497
5.866814692820155,251.12312087079766,38.56144539757363
5.876814692820155,212.21723788972196,37.76913015055405
5.886814692820154,258.2464436264535,39.122174489831636
5.896814692820154,239.19434410949913,35.64097917175421
5.906814692820154,241.68193900989144,37.15178819803385
5.916814692820154,275.0803592298077,38.73970753801668
5.9268146928201535,287.30463339140454,41.27580246810102
5.936814692820153,235.5427989347956,37.13599827801253
5.946814692820153,254.6605738087931,37.003484439411906
5.956814692820153,264.8894859925557,36.50966877833443
5.966814692820153,260.9458682221881,40.69557969926801
5.976814692820152,225.49183977960035,40.424386843570915
5.986814692820152,221.7020964749325,36.16489142406569
5.996814692820152,224.4684389639578,41.007018862218814
6.006814692820152,274.29697765399044,42.02657197259714
6.016814692820152,227.73253205744777,40.92547575139483
6.026814692820151,295.57022928233374,36.33507145356727
6.036814692820151,227.02361204883766,41.04593859675349
6.046814692820151,229.21878655556662,37.28309274180126
6.056814692820151,256.9584917193776,40.31437983644226
6.0668146928201505,280.82358374500535,39.03198870835506
6.07681469282015,243.78148775068877,36.86660858921964
6.08681469282015,269.94298727271706,38.927335823731696
6.09681469282015,277.5869268325075,38.88887015574047
6.10681469282015,290.6358641218458,41.01725705254698
6.1168146928201494,248.88686572811787,39.0169794686712
6.126814692820149,277.24529045186006,38.059723959252516
6.136814692820149,267.4804388294383,39.51738934455206
6.146814692820149,259.1553280079663,40.42074115330027
6.156814692820149,254.8762654307075,42.28792273753011
6.166814692820148,253.5732841408319,41.089407403987735
6.176814692820148,256.19677050513366,40.675213300814775
6.186814692820148,273.94036175114655,42.18423407388127
6.196814692820148,282.9903791455727,38.297223975974305
6.2068146928201475,242.2214914804228,39.68711220056119
6.216814692820147,294.4174686683255,41.86608846814872
6.226814692820147,289.52761720322644,41.257432983145925
6.236814692820147,267.02140713783115,41.04403302195985
6.246814692820147,261.11709448377246,40.73047667637219
6.2568146928201465,261.85683953386797,41.65133458894404
6.266814692820146,274.7273785779797,38.79466020542739
6.276814692820146,308.4293523156052,41.459236205023615
